block_offset,manifest_n,classified_n,percent_classified,block_label
0,100,100,100,0-99
100,100,100,100,100-199
200,100,100,100,200-299
300,100,100,100,300-399
400,100,0,0,400-499
500,100,0,0,500-599
600,100,0,0,600-699
700,100,0,0,700-799
800,100,0,0,800-899
900,100,0,0,900-999
1000,100,0,0,1000-1099
1100,100,0,0,1100-1199
1200,100,0,0,1200-1299
1300,100,0,0,1300-1399
1400,100,0,0,1400-1499
1500,100,0,0,1500-1599
1600,100,0,0,1600-1699
1700,100,0,0,1700-1799
1800,100,0,0,1800-1899
1900,100,0,0,1900-1999
2000,100,0,0,2000-2099
2100,100,0,0,2100-2199
2200,100,0,0,2200-2299
2300,100,0,0,2300-2399
2400,100,0,0,2400-2499
2500,100,0,0,2500-2599
2600,100,0,0,2600-2699
2700,100,0,0,2700-2799
2800,100,0,0,2800-2899
2900,100,0,0,2900-2999
3000,100,0,0,3000-3099
3100,100,0,0,3100-3199
3200,100,0,0,3200-3299
3300,100,0,0,3300-3399
3400,100,0,0,3400-3499
3500,100,0,0,3500-3599
3600,100,0,0,3600-3699
3700,100,0,0,3700-3799
3800,100,0,0,3800-3899
3900,100,0,0,3900-3999
4000,100,0,0,4000-4099
4100,100,0,0,4100-4199
4200,100,0,0,4200-4299
4300,100,0,0,4300-4399
4400,100,0,0,4400-4499
4500,100,0,0,4500-4599
4600,100,0,0,4600-4699
4700,100,0,0,4700-4799
4800,100,0,0,4800-4899
4900,100,0,0,4900-4999
5000,100,0,0,5000-5099
5100,100,0,0,5100-5199
5200,100,0,0,5200-5299
5300,100,0,0,5300-5399
5400,100,0,0,5400-5499
5500,100,0,0,5500-5599
5600,100,0,0,5600-5699
5700,100,0,0,5700-5799
5800,100,0,0,5800-5899
5900,100,0,0,5900-5999
6000,100,0,0,6000-6099
6100,100,0,0,6100-6199
6200,100,0,0,6200-6299
6300,100,0,0,6300-6399
6400,64,0,0,6400-6463
