NUSP,Trabalho_final,Fonte_entrega,Justificativa
14554690,9.0,Moodle,"Conteúdo substantivo correto e completo; perde em reprodutibilidade/apresentação porque o PDF tem 206 páginas de impressão da base e a limpeza foi feita parcialmente no Excel."
15439907,9.0,Moodle,"Análise completa, com variante aceitável do teste de proporções; resultados e conclusões substantivas são coerentes."
15510702,7.2,Moodle,"Estrutura completa e segundo teste correto, mas usa denominadores inadequados no primeiro estimando, obtendo p-valor 0,00392 e conclusão incorreta."
14558926,9.2,Moodle,"Trabalho completo e bem interpretado; pequenas diferenças numéricas decorrem da implementação escolhida para o teste."
15442662,8.8,Moodle,"Cobertura completa e segundo teste correto; há pequenas inconsistências de denominador/limpeza na experiência administrativa."
11760430,7.8,Moodle,"Combina exp_adm com exp_car, alterando o estimando, e recodifica exp_car de modo inadequado; os resultados ficam próximos e o segundo teste está correto."
14562914,8.5,Moodle,"Boa cobertura e interpretação; pequenas inconsistências na limpeza e em denominadores reduzem a precisão dos resultados."
3464981,6.5,Moodle,"O primeiro teste produz p-valor 0,0014 e há contradição entre o p-valor e a decisão; o segundo teste e a análise de tamanho amostral estão corretos."
15514004,8.7,Moodle,"Relatório completo; usa variante do teste com resultados próximos, mas há pequenas inconsistências na limpeza e apresentação numérica."
13713872,8.5,Moodle,"Resultados centrais corretos; faltam precisão em parte das decisões/interpretações e na discussão dos níveis de significância."
14567093,9.0,Moodle,"Resultados e testes centrais corretos; pequenas perdas por tratamento/relato de dados e apresentação."
5549811,9.1,Moodle,"Análise completa e substantivamente correta; pequenas diferenças numéricas são compatíveis com outra implementação do teste."
11330361,9.8,Moodle,"Trabalho completo, correto, claro e reprodutível, com resultados alinhados ao gabarito."
15451867,5.9,Moodle,"Agrega as pastas na tabela descritiva e obtém p-valor 0,001 no primeiro teste; o segundo teste e o efeito do tamanho amostral estão corretos."
14780870,9.6,Moodle,"Trabalho completo e correto; resultados, testes e interpretações estão alinhados ao gabarito."
13825860,9.4,Moodle,"Resultados e interpretações corretos; pequenas perdas de apresentação/validação."
15452656,6.8,Moodle,"Usa o total da pasta em vez das observações válidas para exp_adm, obtendo 85,5% no MinC e um primeiro teste incorreto; segundo teste correto."
14573451,9.8,Moodle,"Trabalho completo, correto, claro e reprodutível, com resultados alinhados ao gabarito."
13860449,9.5,Moodle,"Trabalho completo e correto; pequenas diferenças de apresentação não afetam as conclusões."
14574661,8.4,Moodle,"Testes e segundo estimando estão corretos; há perdas em validação, denominadores e clareza de algumas decisões."
15456813,8.6,Moodle,"Primeiro teste e tabela de exp_adm corretos; no segundo teste exclui observações ao herdar a base filtrada, alterando ligeiramente contagens e p-valor."
15585578,9.3,Moodle,"Cobertura completa e conclusões corretas; pequenas inconsistências de limpeza/denominadores."
15528312,8.7,Moodle,"Resultados centrais corretos; pequenas inconsistências de denominador e explicação reduzem a precisão."
15553839,7.6,Moodle,"Segundo teste correto, mas o primeiro teste usa limpeza/denominadores inadequados e p-valor próximo de 0,016; discussão substantiva é limitada."
15457821,6.6,Moodle,"Primeiro teste incorreto (p-valor 0,001241) por recodificação/argumentos inadequados; segundo teste correto, mas a seção de significância mistura os testes."
15676771,8.5,Moodle,"Boa cobertura, segundo teste e efeito amostral corretos; pequenas inconsistências na experiência administrativa e na validação."
15464083,8.9,Moodle,"Resultados principais corretos; pequenas perdas por denominadores/limpeza e apresentação."
8682184,9.7,Moodle,"Trabalho completo, correto, claro e reprodutível; resultados alinhados ao gabarito."
10765228,7.5,Moodle,"Não normaliza todos os valores irregulares de exp_adm, produzindo 309/355 no MinC e p-valor 0,022; segundo teste e demais interpretações estão corretos."
14583212,8.7,Moodle,"Testes centrais corretos; algumas inconsistências na tabela descritiva, validação e explicação numérica."
14654997,4.7,Moodle,"Validação incompleta, prosa contraditória no primeiro teste, ausência do segundo teste e falta do arquivo-fonte; acerta parte descritiva e a direção do efeito amostral."
14584443,9.5,Moodle,"Resultados, testes e interpretações corretos; pequenas perdas de apresentação."
10437013,8.2,Moodle,"Primeiro e segundo testes são essencialmente corretos, mas a tabela descritiva apresenta denominadores/proporções inconsistentes e há excesso de repetição."
14586921,8.8,Moodle,"Boa análise com testes corretos; pequenas inconsistências de validação, denominadores e apresentação."
14655362,9.6,Moodle,"Trabalho completo e correto, com resultados e interpretações alinhados ao gabarito."
15582209,9.1,Moodle,"Resultados inferenciais e interpretação corretos; pequenas perdas em validação e tabela descritiva."
14589448,6.2,Moodle,"Usa t.test e dados recodificados incorretamente no primeiro teste e produz tabela/teste de alto nível incorretos; acerta a lógica dos níveis de significância e o efeito amostral."
13636981,8.9,Moodle,"Análise completa, com variantes aceitáveis dos testes; pequenas inconsistências de denominador/limpeza."
14759962,8.8,Moodle,"Testes centrais corretos; pequenas inconsistências na tabela descritiva, validação e apresentação."
14678357,9.0,Moodle,"Resultados inferenciais corretos e boa interpretação; pequenas perdas na tabela descritiva e validação."
16889846,9.6,Moodle,"Trabalho completo, correto e bem interpretado, com resultados alinhados ao gabarito."
4725594,4.5,Moodle,"Altera o estimando ao combinar exp_adm e exp_car, usa exp_car em vez de nivel no segundo teste, inverte decisões de significância e simula a duplicação de n incorretamente."
14596738,5.8,Moodle,"Primeiro teste incorreto (p-valor 0,000844) e respostas condicionais sem concluir os testes; segundo teste e significância ficam incompletos, embora haja boa estrutura."
15524472,8.8,Moodle,"Testes e conclusões principais corretos; pequenas inconsistências na tabela descritiva e na validação."
15361241,8.7,Moodle,"Relatório amplo e bem interpretado; usa denominadores ligeiramente incorretos no MinC, mas preserva as conclusões centrais."
13636574,9.8,Moodle,"Trabalho completo, correto, claro e reprodutível, com resultados alinhados ao gabarito."
16894387,6.1,Moodle,"Tratamento da base altera as contagens (312/355 e 152 altos no MinC), gerando p-valor 0,103 e conclusão incorreta também para alto nível; apresentação é extensa e cuidadosa."
14657447,9.8,Moodle,"Trabalho completo, correto, claro e reprodutível, com resultados alinhados ao gabarito."
14602925,9.6,Moodle,"Trabalho completo e correto; pequenas diferenças de apresentação/validação."
13721516,9.7,Moodle,"Trabalho completo, correto e reprodutível, com resultados alinhados ao gabarito."
13636719,8.9,Moodle,"Usa correção de continuidade, com p-valores 0,074 e 0,046 e conclusões corretas; pequenas perdas de validação/apresentação."
12507571,9.5,Moodle,"Resultados e testes corretos; pequenas perdas de apresentação e organização da entrega."
13838774,8.9,Moodle,"Resultados centrais corretos; pequenas inconsistências de denominador/limpeza e explicação."
14610153,9.7,Moodle,"Trabalho completo, correto, claro e reprodutível, com resultados alinhados ao gabarito."
9825991,7.2,Moodle,"Usa denominadores inadequados em exp_adm e obtém p-valor 0,0325 no primeiro teste; segundo teste e efeito amostral estão corretos."
14612631,7.5,Moodle,"Usa denominadores inadequados no primeiro teste, obtendo 85,5% no MinC e p-valor 0,0028; segundo teste, níveis de significância e efeito amostral estão corretos."
15445370,9.7,E-mail,"Trabalho completo, correto e reprodutível; pequena inconsistência de exibição na tabela de ausentes, sem afetar a análise."
