Grupo,Nome,NUSP,Trabalho_final,Fonte_entrega,Email
Melhores,Fellipe Matheus Bernardino Pereira,11330361,9.8,Moodle,fellipeb@usp.br
Melhores,Gabriela Yumi Fraga Assano,14573451,9.8,Moodle,gabiassano@usp.br
Melhores,Murilo Rocha Souto Maior,13636574,9.8,Moodle,murilorsm@usp.br
Próximas da mediana,Beatriz Pessoni,15442662,8.8,Moodle,beatriz.pessoni@usp.br
Próximas da mediana,Lara Nunes de Lacerda,14586921,8.8,Moodle,lara.nl@usp.br
Próximas da mediana,Luiz Antonio Eleuterio de Lima,14759962,8.8,Moodle,luiz.eleuterio@usp.br
Piores entre os entregues,Mariana Araujo Puschel,4725594,4.5,Moodle,marianapuschel@usp.br
Piores entre os entregues,Ju Magalhães,14654997,4.7,Moodle,juliamagalhaes@usp.br
Piores entre os entregues,Mariana Rodrigues Carneiro Silva,14596738,5.8,Moodle,mariana.rodcs@usp.br
